Name,Links
omni, N/A
cloudcI,
Binarized,
RangoHunt,
99dresses,
Yellloh,
Timtara,
Vault,
Assetiz,
GRANDUNO,
LearnBite,
AWOK.com,
Maverix Private Equity,
HubHaus,
CommonX,
fees,
SudershanTech,
Thepssaini Services,
Groben IT Solutions,
Oneset,
Singspiel,
TerrAvion,
Rubica,
Lumened,
Starsky Robotics,
UHWK,
ubiome,
DAQRI,
WorldVuze,
Oryx Vision,
homepolish,
Panda TV,
roadstar-ai,
CloudMine,
Driver,
Fastbee,
Path,
CareSync,
Trendr,
Bunch,
Infonaut,
NorthLabs,
OMsignal,
Shoebox,
NURL,
The Shelf,
Benchwork,
Maverix Private Equity,
Blockchainova,
Akoha,
Axentra,
BOHRâˆž,
YBuy,
adsClimb,
Go99,
EMPOWER,
Sonn Beverage Systems,
Intriqate,
Paros,
Chill Telecom,
Live Rides,
Hytle,
Wantoo,
Sprouter,
Bamza,
IVYGOOD,
Herd Wisdom,
Inkdit,
Plumlytics,
EverySlide,
Company ID,
ESL Explorer,
Three Red Cubes,
Valocor,
Hubba,
Wattage,
Millennial Esports,
Control Mobile,
Bex,
Wantoo,
KarmaHire,
Sqwrl Collective,
Firebird,
RAUR,
Hyperblock Technologies,
Quid,
Koronis,
IDYIA Innovations,
Anki,
DriverUp,
Kahuna,
Arivale,
Amiloom,
Backfence,
Yik Yak,
Gumroad,
Juicero,
Next Step Living,
Shyp,